{"base_lr": 1.981963927855712e-05, "lr": 9.90981963927856e-06, "data_time": 0.032032074928283694, "grad_norm": NaN, "loss": 32.947856712341306, "loss_cls": 1.456611328125, "loss_bbox": 1.5203489756584168, "loss_iou": 2.3830306768417358, "d0.loss_cls": 1.8976953125, "d0.loss_bbox": 1.5334535717964173, "d0.loss_iou": 2.3965319395065308, "d1.loss_cls": 1.669189453125, "d1.loss_bbox": 1.5252992725372314, "d1.loss_iou": 2.3899546909332274, "d2.loss_cls": 1.5292578125, "d2.loss_bbox": 1.5219855189323426, "d2.loss_iou": 2.3854463481903077, "d3.loss_cls": 1.444765625, "d3.loss_bbox": 1.5198144721984863, "d3.loss_iou": 2.383347897529602, "d4.loss_cls": 1.487783203125, "d4.loss_bbox": 1.5201696586608886, "d4.loss_iou": 2.383170928955078, "time": 1.2858513927459716, "epoch": 1, "iter": 50, "memory": 23301, "step": 50}
{"base_lr": 3.983967935871746e-05, "lr": 1.991983967935873e-05, "data_time": 0.01698718547821045, "grad_norm": 34.62332061767578, "loss": 27.862085914611818, "loss_cls": 0.706259765625, "loss_bbox": 1.4932781887054443, "loss_iou": 2.385620665550232, "d0.loss_cls": 1.00689453125, "d0.loss_bbox": 1.508300063610077, "d0.loss_iou": 2.3949053955078123, "d1.loss_cls": 0.73384765625, "d1.loss_bbox": 1.498838596343994, "d1.loss_iou": 2.388283381462097, "d2.loss_cls": 0.709013671875, "d2.loss_bbox": 1.4974092292785643, "d2.loss_iou": 2.386182203292847, "d3.loss_cls": 0.6989453125, "d3.loss_bbox": 1.4961094236373902, "d3.loss_iou": 2.386770095825195, "d4.loss_cls": 0.69150390625, "d4.loss_bbox": 1.493449764251709, "d4.loss_iou": 2.386473846435547, "time": 0.9688506937026977, "epoch": 1, "iter": 100, "memory": 23290, "step": 100}
{"base_lr": 5.985971943887779e-05, "lr": 2.9929859719438897e-05, "data_time": 0.01722459316253662, "grad_norm": 38.9902656173706, "loss": 25.817495155334473, "loss_cls": 0.5307421875, "loss_bbox": 1.2831433081626893, "loss_iou": 2.45040301322937, "d0.loss_cls": 0.67818359375, "d0.loss_bbox": 1.337775616645813, "d0.loss_iou": 2.437960925102234, "d1.loss_cls": 0.545107421875, "d1.loss_bbox": 1.3064734983444213, "d1.loss_iou": 2.4418131256103517, "d2.loss_cls": 0.533662109375, "d2.loss_bbox": 1.3065106320381163, "d2.loss_iou": 2.4405809593200685, "d3.loss_cls": 0.520224609375, "d3.loss_bbox": 1.2988815808296204, "d3.loss_iou": 2.4451534605026244, "d4.loss_cls": 0.5237060546875, "d4.loss_bbox": 1.2874696826934815, "d4.loss_iou": 2.449703240394592, "time": 0.9224055814743042, "epoch": 1, "iter": 150, "memory": 23303, "step": 150}
{"base_lr": 7.987975951903818e-05, "lr": 3.993987975951909e-05, "data_time": 0.017144432067871095, "grad_norm": Infinity, "loss": 23.56586757659912, "loss_cls": 0.503095703125, "loss_bbox": 0.97086580991745, "loss_iou": 2.416439456939697, "d0.loss_cls": 0.57376953125, "d0.loss_bbox": 1.0462726771831512, "d0.loss_iou": 2.4299969387054445, "d1.loss_cls": 0.510791015625, "d1.loss_bbox": 0.9995117807388305, "d1.loss_iou": 2.4146736431121827, "d2.loss_cls": 0.508662109375, "d2.loss_bbox": 0.9927105104923248, "d2.loss_iou": 2.4103788137435913, "d3.loss_cls": 0.5028564453125, "d3.loss_bbox": 0.988350715637207, "d3.loss_iou": 2.4061144828796386, "d4.loss_cls": 0.5018408203125, "d4.loss_bbox": 0.9786531305313111, "d4.loss_iou": 2.4108840656280517, "time": 0.7284989643096924, "epoch": 1, "iter": 200, "memory": 23305, "step": 200}
