{
  "inference_ratios": [
    0.0,
    0.1,
    0.2,
    0.3,
    0.4,
    0.5,
    0.6,
    0.7,
    0.8,
    0.9,
    1.0
  ],
  "results": {
    "Overall (mAP)": [
      0.6,
      0.6171,
      0.6324,
      0.6458999999999999,
      0.6576,
      0.6675,
      0.6756,
      0.6819,
      0.6864,
      0.6890999999999999,
      0.69
    ],
    "mAP50": [
      0.603,
      0.6201,
      0.6354,
      0.6488999999999999,
      0.6606,
      0.6705,
      0.6786,
      0.6849,
      0.6894,
      0.6920999999999999,
      0.693
    ],
    "mAPs50": [
      0.58,
      0.5971,
      0.6123999999999999,
      0.6258999999999999,
      0.6376,
      0.6475,
      0.6556,
      0.6618999999999999,
      0.6664,
      0.6690999999999999,
      0.6699999999999999
    ]
  }
}
