{
  "inference_ratios": [
    0.0,
    0.1,
    0.2,
    0.3,
    0.4,
    0.5,
    0.6,
    0.7,
    0.8,
    0.9,
    1.0
  ],
  "results": {
    "Overall (mAP)": [
      0.6,
      0.6171,
      0.6324,
      0.6458999999999999,
      0.6576,
      0.6675,
      0.6756,
      0.6819,
      0.6864,
      0.6890999999999999,
      0.69
    ],
    "mAP50": [
      0.603,
      0.6201,
      0.6354,
      0.6488999999999999,
      0.6606,
      0.6705,
      0.6786,
      0.6849,
      0.6894,
      0.6920999999999999,
      0.693
    ],
    "Small (AP_S)": [
      0.609,
      0.6261,
      0.6414,
      0.6548999999999999,
      0.6666,
      0.6765,
      0.6846,
      0.6909,
      0.6954,
      0.6980999999999999,
      0.699
    ]
  }
}
